{
	code: "cleaver",
	damagedby: ["blockbreaking", "attacking"],
	class: "ItemCleaver",
	attributes: {
		handbook: {
			groupBy: ["cleaver-*"]
		},
		rackable: true,
		toolrackTransform: {
			rotation: { x: 90 },
			translation: { x: -0.35 },
			scale: 1.25,
		}
	},
	variantgroups: [
		{ code: "material", states: ["copper", "tinbronze", "bismuthbronze", "blackbronze", "gold", "silver", "iron" ] },
	],
	shape: { base: "item/tool/cleaver" },
	heldTpHitAnimation: "breaktool",
	textures: {
		"metal": { base: "block/metal/sheet/{material}1" },
		"toolhandle": {
			base: "block/metal/sheet/{material}1",
			overlays: [ "item/tool/cleaver-overlay" ]
		}
	},
	durabilitybytype: {
		"cleaver-gold": 75,
		"cleaver-silver": 80,
		"cleaver-copper": 200,
		"cleaver-tinbronze": 400,
		"cleaver-bismuthbronze": 450,
		"cleaver-blackbronze": 500,
		"cleaver-iron": 1000,
		"cleaver-steel": 1400,
	},
	attackpowerbytype: {
		"cleaver-copper": 1.25,
		"cleaver-bismuthbronze": 1.5,
		"cleaver-tinbronze": 1.75,
		"cleaver-gold": 1.5,
		"cleaver-silver": 1.5,
		"cleaver-blackbronze": 2,
		"cleaver-iron": 2.5,
		"cleaver-steel": 2.75,
	},
	creativeinventory: { "general": ["*"], "items": ["*"], "tools": ["*"] },
	fpHandTransform: {
		translation: { x: -0.34, y: 0, z: 0.4 },
		rotation: { x: -17, y: -93, z: -75 },
		scale: 2.5
	},
	guiTransform: {
		translation: { x: 0, y: 0, z: 0 },
		rotation: { x: 0, y: 26, z: 140 },
		origin: { x: 0.55, y: 0.52, z: 0.5 },
		scale: 2.53
	},
	groundTransform: {
		translation: { x: 0, y: 0, z: 0 },
		rotation: { x: -90, y: 0, z: 0 },
		origin: { x: 0.5, y: 0.5, z: 0.45 },
		scale: 3.6
	},
	tpHandTransform: {
		translation: { x: -0.78, y: -0.44, z: -0.5 },
		rotation: { x: 0, y: 180, z: -10 },
		scale: 1
	}
}