{
	code: "knife",
	"__comment": "ItemKnife contains code for harvesting animal carcasses",
	class: "ItemKnife",
	damagedby: ["blockbreaking", "attacking"],
	tool: "knife",
	attributes: {
		handbook: {
			groupBy: ["knife-*"]
		},
		toolrackTransform: {
			translation: { x: -0.3, y: 0.6, z: -0.1 },
			rotation: { x: 97, y: 180, z: 3 },
			origin: { x: 0.5, y: 0, z: 0.5 },
			scale: 1.25
		}
	},
	variantgroups: [
		{ code: "material", states: ["granite", "andesite", "basalt", "obsidian", "peridotite", "flint", "copper", "tinbronze", "bismuthbronze", "blackbronze", "gold", "silver", "iron" ] },
	],
	shapeByType: {
		"knife-granite": { base: "item/tool/knife-stone" },
		"knife-andesite": { base: "item/tool/knife-stone" },
		"knife-basalt": { base: "item/tool/knife-stone" },
		"knife-obsidian": { base: "item/tool/knife-stone" },
		"knife-flint": { base: "item/tool/knife-stone" },
		"knife-peridotite": { base: "item/tool/knife-stone" },
		"*": { base: "item/tool/knife-copper" }
	},
	heldTpHitAnimation: "breaktool",
	heldTpUseAnimation: "knap",
	texturesByType: {
		"knife-granite": {
			"material": { base: "block/stone/rock/{material}1" },
		},
		"knife-andesite": {
			"material": { base: "block/stone/rock/{material}1" },
		},
		"knife-basalt": {
			"material": { base: "block/stone/rock/{material}1" },
		},
		"knife-obsidian": {
			"material": { base: "block/stone/rock/{material}1" },
		},
		"knife-peridotite": {
			"material": { base: "block/stone/rock/{material}1" },
		},
		"knife-flint": {
			"material": { base: "block/stone/{material}" },
		},
		"*": {
			"material": { base: "item/tool/material/{material}" },
		},
	},
	durabilitybytype: {
		"knife-granite": 45,
		"knife-andesite": 45,
		"knife-basalt": 45,
		"knife-peridotite": 45,
		"knife-flint": 65,
		"knife-obsidian": 80,
		
		"knife-gold": 150,
		"knife-silver": 175,
		"knife-copper": 300,
		"knife-tinbronze": 500,
		"knife-bismuthbronze": 550,
		"knife-blackbronze": 600,
		"knife-iron": 1000,
		"knife-steel": 1500,
	},
	miningspeedbytype: {
		"knife-granite": {
			"plant": 1,
		},
		"knife-peridotite": {
			"plant": 1,
		},
		"knife-andesite": {
			"plant": 1,
		},
		"knife-basalt": {
			"plant": 1.1,
		},
		"knife-obsidian": {
			"plant": 1.2,
		},
		"knife-flint": {
			"plant": 1.2,
		},
		"knife-copper": {
			"plant": 1.5,
		},
		"knife-silver": {
			"plant": 1.6,
		},
		"knife-gold": {
			"plant": 1.6,
		},
		"knife-bismuthbronze": {
			"plant": 1.7,
		},
		"knife-tinbronze": {
			"plant": 1.8,
		},
		"knife-blackbronze": {
			"plant": 1.9,
		},
		"knife-iron": {
			"plant": 2
		},
		"knife-steel": {
			"plant": 2.4,
		},
	},
	attackpowerbytype: {
		"knife-granite": 0.75,
		"knife-peridotite": 0.75,
		"knife-andesite": 0.75,
		"knife-basalt": 0.75,
		"knife-obsidian": 1.5,
		
		"knife-flint": 1,
		"knife-copper": 1.5,
		"knife-bismuthbronze": 2,
		"knife-tinbronze": 2.5,
		"knife-gold": 2.5,
		"knife-silver": 2.5,
		"knife-blackbronze": 3,
		"knife-iron": 3.5,
		"knife-steel": 4,
	},
	creativeinventory: { "general": ["*"], "items": ["*"], "tools": ["*"] },
	fpHandTransform: {
		translation: { x: 0.2, y: 0.1, z: 0.5 },
		rotation: { x: 140, y: 93, z: -75 },
		scale: 2.5
		
	},
	guiTransform: {
		rotate: false,
		translation: { x: 0, y: 0, z: 0 },
		rotation: { x: -158, y: 0, z: 48 },
		origin: { x: 0.48, y: 0.1, z: 0.5 },
		scale: 2.41
	},
	groundTransform: {
			translation: { x: 0, y: 0, z: 0 },
			rotation: { x: -90, y: 0, z: 0 },
			origin: { x: 0.5, y: 0.5, z: 0.45 },
			scale: 3.6
	},
	tpHandTransform: {
		translation: { x: -0.85, y: -0.2, z: -0.48 },
		rotation: { x: 0, y: 0, z: -30 },
		scale: 1		
	}
}