{
	mainpurpose: "Diggy diggy hole!",
	code: "pickaxe",
	storageFlags: 5,
	attributes: {
		handbook: {
			groupBy: ["pickaxe-*"]
		},
		toolrackTransform: {
			rotation: { y: 2.5, z: -1 },
			translation: { x: -0.1, y: 0.59 },
			scale: 1.25,
		}
	},
	variantgroups: [
		{ code: "metal", states: ["copper", "tinbronze", "bismuthbronze", "blackbronze", "gold", "silver", "iron" ] },
	],
	tool: "pickaxe",
	damagedby: ["blockbreaking", "attacking"],
	shape: { base: "item/tool/pickaxe" },
	heldTpHitAnimation: "smithing",
	textures: {
		"metal": { base: "block/metal/ingot/{metal}" }
	},
	tooltierbytype: {
		"*-copper": 2,
		"*-gold": 2,
		"*-silver": 2,
		"*-bismuthbronze": 3,
		"*-tinbronze": 3,
		"*-blackbronze": 3,
		"*-iron": 4,
		"*-steel": 5,
	},
	miningspeedbytype: {
		"pickaxe-copper": {
			"stone": 4,
			"ore": 4,
			"metal": 4,
			"ice": 1.75
		},
		"pickaxe-bismuthbronze": {
			"stone": 5.5,
			"ore": 5.5,
			"metal": 5.5,
			"ice": 2.2
		},
		"pickaxe-tinbronze": {
			"stone": 6,
			"ore": 6,
			"metal": 6,
			"ice": 2.3
		},
		"pickaxe-gold": {
			"stone": 5,
			"ore": 5,
			"metal": 5,
			"ice": 2
		},
		"pickaxe-silver": {
			"stone": 5,
			"ore": 5,
			"metal": 5,
			"ice": 2
		},
		"pickaxe-blackbronze": {
			"stone": 6.5,
			"ore": 6.5,
			"metal": 6.5,
			"ice": 2.8
		},
		"pickaxe-iron": {
			"stone": 7.5,
			"ore": 7.5,
			"metal": 7.5,
			"ice": 3.5
		},
		"pickaxe-steel": {
			"stone": 8.5,
			"ore": 8.5,
			"metal": 8.5,
			"ice": 4
		},
	},
	attackpowerbytype: {
		"pickaxe-stone": 1,
		"pickaxe-copper": 1.25,
		"pickaxe-bismuthbronze": 1.5,
		"pickaxe-tinbronze": 1.75,
		"pickaxe-gold": 1.75,
		"pickaxe-silver": 1.75,
		"pickaxe-blackbronze": 2,
		"pickaxe-iron": 2.25,
		"pickaxe-steel": 2.5,
	},
	durabilitybytype: {
		"pickaxe-stone": 60,
		"pickaxe-gold": 150,
		"pickaxe-silver": 175,
		"pickaxe-copper": 300,
		"pickaxe-tinbronze": 600,
		"pickaxe-bismuthbronze": 700,
		"pickaxe-blackbronze": 800,
		"pickaxe-iron": 1400,
		"pickaxe-steel": 2000,
	},
	creativeinventory: { "general": ["*"], "items": ["*"], "tools": ["*"] },
	guiTransform: {
		translation: { x: 0, y: 0, z: 0 },
		rotation: { x: -89, y: 47, z: 33 },
		origin: { x: 0.59, y: 0, z: 0.44 },
		scale: 1.75
	},
	fpHandTransform: {
		translation: { x: -0.2, y: -0.2, z: 0 },
		rotation: { x: 15, y: 15, z: 90 },
		scale: 2.45
	},
	groundTransform: {
		translation: { x: 0, y: 0, z: 0 },
		rotation: { x: 0, y: 0, z: 0 },
		origin: { x: 0.5, y: 0, z: 0.5 },
		scale: 3.4
	},
	tpHandTransform: {
		translation: { x: -0.87, y: -0.01, z: -0.56 },
		rotation: { x: -81, y: 0, z: 0 },
		origin: { x: 0.5, y: 0, z: 0.5 },
		scale: 0.8
	}
}