{
	code: "scythe",
	damagedby: ["blockbreaking"],
	class: "ItemScythe",
	tool: "Scythe",
	variantgroups: [
		{ code: "metal", states: ["copper", "tinbronze", "bismuthbronze", "blackbronze", "gold", "silver","iron" ] },
	],
	attributes: {
		codePrefixes: ["crop", "tallgrass", "frostedtallgrass"],
		handbook: {
			groupBy: ["scythe-*"]
		},
		toolrackTransform: {
			rotation: { y: 3, z: -1 },
			translation: { x: -0.35, y: 0.5 },
			scale: 1,
		}
	},
	shape: { base: "item/tool/scythe" },
	heldTpHitAnimation: "scythe",
	textures: {
		"metal": { base: "block/metal/ingot/{metal}" }
	},
	durabilitybytype: {
		"scythe-gold": 150,
		"scythe-silver": 187,
		"scythe-copper": 450,
		"scythe-blackbronze": 1000,
		"scythe-bismuthbronze": 850,
		"scythe-tinbronze": 700,
		"scythe-iron": 1500,
		"scythe-steel": 2000,
	},
	creativeinventory: { "general": ["*"], "items": ["*"], "tools": ["*"] },
	guiTransform: {
		translation: { x: 0, y: 0, z: 0 },
		rotation: { x: -93, y: 30, z: 44 },
		origin: { x: 0.5, y: 0, z: 0.05 },
		scale: 0.82
	},
	fpHandTransform: {
		translation: { x: -0.2, y: -0.2, z: 0 },
		rotation: { x: 15, y: 15, z: 90 },
		scale: 2.45
	},
	groundTransform: {
		translation: { x: 0, y: 0, z: 0 },
		rotation: { x: 0, y: 0, z: 0 },
		origin: { x: 0.5, y: 0, z: 0.5 },
		scale: 3.4
	},
	tpHandTransform: {
		translation: { x: -1.24, y: -0.01, z: -0.56 },
		rotation: { x: -10, y: 0, z: 0 },
		origin: { x: 0.5, y: 0, z: 0.5 },
		scale: 0.8
	}
}