{
	code: "shears",
	class: "ItemShears",
	damagedby: ["blockbreaking", "attacking"],
	tool: "shears",
	attributes: {
		handbook: {
			groupBy: ["shears-*"]
		},
		toolrackTransform: {
			translation: { y: 0.7 },
			rotation: { y: 180 },
			scale: 1.5
		}
	},
	variantgroups: [
		{ code: "metal", states: ["copper", "tinbronze", "bismuthbronze", "blackbronze", "gold", "silver", "iron" ] },
	],
	shape: { base: "item/tool/shears" },
	heldTpHitAnimation: "shears",
	textures: {
		"metal": { base: "block/metal/ingot/{metal}" }
	},
	attackpowerbytype: {
		"shears-copper": 1,
		"shears-gold": 1,
		"shears-silver": 1,
		"shears-bismuthbronze": 1,
		"shears-tinbronze": 1.5,
		"shears-blackbronze": 2.5,
		"shears-iron": 3,
		"shears-steel": 3.5,
	},
	durabilitybytype: {
		"shears-gold": 750,
		"shears-silver": 750,
		"shears-copper": 1000,
		"shears-tinbronze": 2200,
		"shears-bismuthbronze": 2400,
		"shears-blackbronze": 2600,
		"shears-iron": 4500,
		"shears-steel": 5500
	},
	creativeinventory: { "general": ["*"], "items": ["*"], "tools": ["*"] },
	guiTransform: {
		translation: { x: 0.5, y: 0, z: 0 },
		rotation: { x: -89, y: 41, z: 33 },
		origin: { x: 0.8, y: 0.4, z: 0.48 },
		scale: 2.4
	},
	fpHandTransform: {
		translation: { x: -0.24, y: 0.1, z: 0.1 },
		rotation: { x: -35, y: 15, z: 90 },
		scale: 2.45
	},
	groundTransform: {
		translation: { x: 0, y: 0, z: 0 },
		rotation: { x: 0, y: 0, z: 0 },
		origin: { x: 0.5, y: 0, z: 0.5 },
		scale: 3.6
	},
	tpHandTransform: {
		translation: { x: -0.9, y: -0.11, z: -0.35 },
		rotation: { x: -10, y: 0, z: -25 },
		origin: { x: 0.68, y: 0, z: 0.42 },
		scale: 1
	}
}