{
	code: "shovel",
	attributes: {
		handbook: {
			groupBy: ["shovel-*"]
		},
		toolrackTransform: {
			rotation: { y: 1, z: -1 },
			translation: { x: -0.47, y: 0.6 },
			scale: 1.25,
		}
	},
	variantgroups: [
		{ code: "material", states: ["granite", "andesite", "basalt", "obsidian", "peridotite", "flint", "copper", "tinbronze", "bismuthbronze", "blackbronze", "gold", "silver", "iron" ] },
	],
	tool: "shovel",
	damagedby: ["blockbreaking", "attacking"],
	shapeByType: {
		"shovel-granite": { base: "item/tool/shovel-stone" },
		"shovel-andesite": { base: "item/tool/shovel-stone" },
		"shovel-basalt": { base: "item/tool/shovel-stone" },
		"shovel-obsidian": { base: "item/tool/shovel-stone" },
		"shovel-peridotite": { base: "item/tool/shovel-stone" },
		"shovel-flint": { base: "item/tool/shovel-stone" },
		"shovel-copper": { base: "item/tool/shovel-copper" },
		"shovel-tinbronze": { base: "item/tool/shovel-copper" },
		"shovel-bismuthbronze": { base: "item/tool/shovel-copper" },
		"shovel-blackbronze": { base: "item/tool/shovel-copper" },
		"shovel-gold": { base: "item/tool/shovel-copper" },
		"shovel-silver": { base: "item/tool/shovel-copper" },
		"shovel-iron": { base: "item/tool/shovel-copper" },
	},
	heldTpHitAnimation: "shoveldig",
	texturesByType: {
		"shovel-flint": {
			"material": { base: "item/tool/material/{material}" },
		},
		"shovel-granite": {
			"material": { base: "block/stone/rock/{material}1" },
		},
		"shovel-andesite": {
			"material": { base: "block/stone/rock/{material}1" },
		},
		"shovel-basalt": {
			"material": { base: "block/stone/rock/{material}1" },
		},
		"shovel-obsidian": {
			"material": { base: "block/stone/rock/{material}1" },
		},
		"shovel-peridotite": {
			"material": { base: "block/stone/rock/{material}1" },
		},
		"*": {
			"material": { base: "block/metal/ingot/{material}" },
		},
	},
	miningspeedbytype: {
		"shovel-granite": {
			"soil": 2.2,
			"sand": 2.2,
			"gravel": 1.9,
			"snow": 1.9
		},
		"shovel-peridotite": {
			"soil": 2.2,
			"sand": 2.2,
			"gravel": 1.9,
			"snow": 1.9
		},
		"shovel-andesite": {
			"soil": 2.2,
			"sand": 2.2,
			"gravel": 1.9,
			"snow": 1.9
		},
		"shovel-basalt": {
			"soil": 2.2,
			"sand": 2.2,
			"gravel": 1.9,
			"snow": 1.9
		},
		"shovel-obsidian": {
			"soil": 3,
			"sand": 3,
			"gravel": 2.2,
			"snow": 2.2
		},

		"shovel-flint": {
			"soil": 2.5,
			"sand": 2.5,
			"gravel": 2.1,
			"snow": 2.1
		},
		"shovel-copper": {
			"soil": 4,
			"sand": 4,
			"gravel": 2.6,
			"snow": 2.6
		},
		"shovel-bismuthbronze": {
			"soil": 5,
			"sand": 5,
			"gravel": 3.2,
			"snow": 3.2
		},
		"shovel-tinbronze": {
			"soil": 5.4,
			"sand": 5.4,
			"gravel": 3.6,
			"snow": 3.6
		},
		"shovel-gold": {
			"soil": 5.4,
			"sand": 5.4,
			"gravel": 3.6,
			"snow": 3.6
		},
		"shovel-silver": {
			"soil": 5.4,
			"sand": 5.4,
			"gravel": 3.6,
			"snow": 3.6
		},
		"shovel-blackbronze": {
			"soil": 5.5,
			"sand": 5.5,
			"gravel": 3.7,
			"snow": 3.7
		},
		"shovel-iron": {
			"soil": 6,
			"sand": 6,
			"gravel": 4,
			"snow": 4
		},
		"shovel-steel": {
			"soil": 7,
			"sand": 7,
			"gravel": 4.4,
			"snow": 4.4
		},
	},
	attackpowerbytype: {
		"shovel-granite": 0.75,
		"shovel-andesite": 0.75,
		"shovel-peridotite": 0.75,
		"shovel-basalt": 0.75,
		"shovel-obsidian": 1.25,
		
		"shovel-flint": 1,
		"shovel-copper": 1.25,
		"shovel-gold": 1.5,
		"shovel-silver": 1.5,
		"shovel-bismuthbronze": 1.5,
		"shovel-tinbronze": 1.75,
		"shovel-blackbronze": 2,
		"shovel-iron": 2.25,
		"shovel-steel": 2.5,
	},
	durabilitybytype: {
		"shovel-granite": 60,
		"shovel-peridotite": 60,
		"shovel-andesite": 60,
		"shovel-basalt": 60,
		"shovel-flint": 90,
		"shovel-obsidian": 100,
		
		"shovel-gold": 200,
		"shovel-silver": 200,
		"shovel-copper": 400,
		"shovel-tinbronze": 800,
		"shovel-bismuthbronze": 850,
		"shovel-blackbronze": 900,
		"shovel-iron": 1600,
		"shovel-steel": 2000,
	},
	creativeinventory: { "general": ["*"], "items": ["*"], "tools": ["*"] },
	fpHandTransform: {
		translation: { x: 0.046875, y: -0.2, z: 0 },
		rotation: { x: -15, y: 15, z: 100 },
		scale: 2
	},
	guiTransformByType: {
		"shovel-copper": {
			translation: { x: 7, y: 0, z: 1 },
			rotation: { x: -112, y: -147, z: 139 },
			origin: { x: 0.4, y: 0.7, z: 0.7 },
			scale: 1.05
		},
		"shovel-tinbronze": {
			translation: { x: 7, y: 0, z: 1 },
			rotation: { x: -112, y: -147, z: 139 },
			origin: { x: 0.4, y: 0.7, z: 0.7 },
			scale: 1.05
		},
		"shovel-bismuthbronze": {
			translation: { x: 7, y: 0, z: 1 },
			rotation: { x: -112, y: -147, z: 139 },
			origin: { x: 0.4, y: 0.7, z: 0.7 },
			scale: 1.05
		},
		"shovel-blackbronze": {
			translation: { x: 7, y: 0, z: 1 },
			rotation: { x: -112, y: -147, z: 139 },
			origin: { x: 0.4, y: 0.7, z: 0.7 },
			scale: 1.05
		},
		"shovel-iron": {
			translation: { x: 7, y: 0, z: 1 },
			rotation: { x: -112, y: -147, z: 139 },
			origin: { x: 0.4, y: 0.7, z: 0.7 },
			scale: 1.05
		},
		"shovel-silver": {
			translation: { x: 7, y: 0, z: 1 },
			rotation: { x: -112, y: -147, z: 139 },
			origin: { x: 0.4, y: 0.7, z: 0.7 },
			scale: 1.05
		},
		"shovel-gold": {
			translation: { x: 7, y: 0, z: 1 },
			rotation: { x: -112, y: -147, z: 139 },
			origin: { x: 0.4, y: 0.7, z: 0.7 },
			scale: 1.05
		},
		"*": {
		translation: { x: 7, y: 0, z: 1 },
		rotation: { x: -112, y: -147, z: 139 },
		origin: { x: 0.3, y: 0.7, z: 0.7 },
		scale: 1.18
		}
	},
	groundTransform: {
		translation: { x: 0, y: 0, z: 0 },
		rotation: { x: 0, y: 0, z: 0 },
		origin: { x: 0.5, y: 0, z: 0.5 },
		scale: 3.6
	},
	tpHandTransform: {
		translation: { x: -1.04, y: -0.24, z: -0.61 },
		rotation: { x: 0, y: 0, z: -10 },
		scale: 0.8
	}
}