{
	code: "sword",
	damagedby: ["blockbreaking", "attacking"],
	tool: "sword",
	attributes: {
		handbook: {
			groupBy: ["sword-*"]
		},
		toolrackTransform: {
			rotation: { y: 180, z: 1 },
			translation: { x: -0.3, y: 0.55 },
			scale: 1.25
		}
	},
	variantgroups: [
		{ code: "metal", states: ["copper", "tinbronze", "bismuthbronze", "blackbronze", "gold", "silver", "iron" ] },
	],
	shape: { base: "item/tool/sword" },
	heldTpHitAnimation: "swordhit",
	textures: {
		"metal": { base: "block/metal/sheet/{metal}1" }
	},
	attackRange: 2.5,
	tooltierbytype: {
		"*-copper": 2,
		"*-gold": 2,
		"*-silver": 2,
		"*-bismuthbronze": 3,
		"*-tinbronze": 3,
		"*-blackbronze": 3,
		"*-iron": 4,
		"*-steel": 5,
	},
	miningspeedbytype: {
		"sword-stone": {
			"wood": 2,
			"leaves": 1.4
		},
		"sword-copper": {
			"wood": 2.2,
			"leaves": 1.6
		},
		"sword-bismuthbronze": {
			"wood": 2.3,
			"leaves": 2
		},
		"sword-tinbronze": {
			"wood": 2.4,
			"leaves": 2.2
		},
		"sword-gold": {
			"wood": 2.4,
			"leaves": 2.2
		},
		"sword-silver": {
			"wood": 2.4,
			"leaves": 2.2
		},
		"sword-blackbronze": {
			"wood": 2.5,
			"leaves": 2.3
		},
		"sword-iron": {
			"wood": 3,
			"leaves": 3
		},
		"sword-steel": {
			"wood": 3.5,
			"leaves": 4
		},
	},
	attackpowerbytype: {
		"sword-stone": 1.5,
		"sword-copper": 3,
		"sword-gold": 3.25,
		"sword-silver": 3.25,
		"sword-bismuthbronze": 3.25,
		"sword-tinbronze": 3.5,
		"sword-blackbronze": 3.75,
		"sword-iron": 4,
		"sword-steel": 4.25,
	},
	durabilitybytype: {
		"sword-gold": 175,
		"sword-silver": 175,
		"sword-copper": 250,
		"sword-tinbronze": 500,
		"sword-bismuthbronze": 550,
		"sword-blackbronze": 650,
		"sword-iron": 1000,
		"sword-steel": 1500
	},
	creativeinventory: { "general": ["*"], "items": ["*"], "tools": ["*"] },
	guiTransform: {
		translation: { x: 0, y: 0, z: 0 },
		rotation: { x: -89, y: 47, z: 44 },
		origin: { x: 0.6, y: 0, z: 0.44 },
		scale: 1.68
	},
	fpHandTransform: {
		translation: { x: -0.2, y: -0.2, z: 0 },
		rotation: { x: 15, y: 15, z: 90 },
		scale: 2.45
	},
	groundTransform: {
		translation: { x: 0, y: 0, z: 0 },
		rotation: { x: 0, y: 0, z: 0 },
		origin: { x: 0.5, y: 0, z: 0.5 },
		scale: 3.4
	},
	tpHandTransform: {
		translation: { x: -1.03, y: -0.01, z: -0.56 },
		rotation: { x: -81, y: 0, z: 0 },
		origin: { x: 0.5, y: 0, z: 0.5 },
		scale: 0.8
	}
}